ts	busy	temp_mC	power_uW	sclk_MHz	gtt_bytes
2026-08-29T14:13:34+01:00	0	42000	8058000	605	27767443456
2026-08-29T14:13:36+01:00	1	43000	16029000	639	46143168512
2026-08-29T14:13:38+01:00	61	80000	82033000	1860	46933020672
2026-08-29T14:13:40+01:00	95	84000	114079000	2569	46933020672
2026-08-29T14:13:42+01:00	99	78000	113033000	2626	46933020672
2026-08-29T14:13:44+01:00	100	73000	90028000	2484	46933020672
2026-08-29T14:13:46+01:00	100	73000	85081000	2466	46933020672
2026-08-29T14:13:48+01:00	100	74000	85015000	2480	46933020672
2026-08-29T14:13:50+01:00	94	75000	85001000	2433	46934003712
2026-08-29T14:13:52+01:00	96	76000	85037000	2433	46934003712
2026-08-29T14:13:54+01:00	95	72000	85052000	2689	46920273920
2026-08-29T14:13:56+01:00	97	72000	85016000	2809	46920273920
2026-08-29T14:13:58+01:00	97	72000	85001000	2823	46920273920
