t_s	state	wchan	vmrss_kb	read_bytes	gtt_gib	vram_gib	verdict
0.0	D	folio_wait_bit_common	67884	270336	26.181	1.806	
2.0	D	0	27192672	4532973568	26.181	1.806	
4.0	R	folio_wait_bit_common	33380192	10864209920	26.181	1.806	
6.0	D	folio_wait_bit_common	38927712	16541872128	26.181	1.806	
8.0	R	0	41666064	19359608832	40.057	1.808	
10.0	R	0	39587152	19359973376	61.676	1.814	
12.1	R	0	36454240	21355016192	65.223	1.817	
14.1	D	folio_wait_bit_common	34325952	24021590016	65.223	1.817	
16.1	R	0	32598920	25336754176	65.223	1.818	
18.1	D	folio_wait_bit_common	33665024	26431094784	65.223	1.818	
20.1	R	0	35780620	28664557568	65.223	1.818	
22.1	D	folio_wait_bit_common	37174288	30450704384	65.223	1.818	
24.1	D	folio_wait_bit_common	36923880	33245913088	65.223	1.818	
26.2	R	0	32836	33748889600	76.075	1.834	
28.2	R	0	27100	33749954560	104.678	1.853	
30.2	R	0	27100	33749954560	104.678	1.853	
32.2	R	0	49876	33780957184	105.153	1.854	
34.2	S	futex_do_wait	57328	33788542976	105.154	1.854	
36.2	S	futex_do_wait	57328	33788542976	105.154	1.854	
38.2	S	futex_do_wait	57328	33788542976	105.154	1.854	
40.2	S	futex_do_wait	57328	33788542976	105.154	1.854	
42.2	S	futex_do_wait	57328	33788542976	105.154	1.854	
44.2	S	futex_do_wait	57328	33788542976	105.154	1.854	
46.2	S	futex_do_wait	57328	33788542976	105.154	1.854	
48.2	S	futex_do_wait	57328	33788542976	105.154	1.854	
50.2	S	futex_do_wait	57328	33788542976	105.154	1.854	
52.2	S	futex_do_wait	57328	33788542976	105.154	1.854	
54.2	S	futex_do_wait	57328	33788542976	105.154	1.854	
56.2	S	futex_do_wait	57328	33788542976	105.154	1.854	
58.2	S	futex_do_wait	57328	33788542976	105.154	1.854	
60.2	S	futex_do_wait	57340	33788555264	105.154	1.854	
62.2	S	futex_do_wait	57340	33788555264	105.154	1.854	
64.2	S	drm_syncobj_array_wait_timeout.constprop.0	37472	33796157440	105.154	1.854	
66.2	S	futex_do_wait	38052	33796583424	105.154	1.854	
68.2	S	futex_do_wait	38052	33796583424	105.154	1.854	
70.2	S	futex_do_wait	14196	33796780032	105.154	1.854	
72.2	S	futex_do_wait	14196	33796780032	105.154	1.854	
74.2	S	futex_do_wait	12908	33796780032	105.154	1.854	
76.3	S	futex_do_wait	8676	33796911104	105.154	1.854	
78.3	S	futex_do_wait	8736	33797042176	105.154	1.854	
80.3	S	futex_do_wait	8736	33797042176	105.154	1.854	
82.3	S	futex_do_wait	8736	33797042176	105.154	1.854	
84.3	S	futex_do_wait	8736	33797042176	105.154	1.854	
86.3	S	futex_do_wait	8736	33797042176	105.154	1.854	
88.3	S	futex_do_wait	8736	33797042176	105.154	1.854	
90.3	S	futex_do_wait	8736	33797042176	105.154	1.854	
92.3	S	futex_do_wait	8736	33797042176	105.154	1.854	
94.3	S	futex_do_wait	8736	33797042176	105.154	1.854	
96.3	S	futex_do_wait	18944	33810456576	105.154	1.854	
98.3	S	futex_do_wait	18944	33810456576	105.154	1.854	
100.3	S	futex_do_wait	18944	33810456576	105.154	1.854	
102.3	S	futex_do_wait	18944	33810456576	105.154	1.854	
104.3	S	futex_do_wait	18944	33810456576	105.154	1.854	
106.3	S	futex_do_wait	18944	33810456576	105.154	1.854	
108.3	S	futex_do_wait	18944	33810456576	105.154	1.854	
110.3	S	futex_do_wait	18944	33810456576	105.154	1.854	
112.3	S	futex_do_wait	18944	33810456576	105.154	1.854	
114.3	S	futex_do_wait	18944	33810456576	105.154	1.854	
116.3	S	futex_do_wait	18944	33810456576	105.154	1.854	
118.3	S	futex_do_wait	18944	33810456576	105.154	1.854	
120.3	S	futex_do_wait	18952	33810464768	105.154	1.854	
122.3	S	futex_do_wait	18952	33810464768	105.154	1.854	
124.3	S	futex_do_wait	18952	33810464768	105.154	1.854	
126.3	S	futex_do_wait	19048	33810501632	105.154	1.854	
128.3	S	futex_do_wait	19048	33810501632	105.154	1.854	
130.3	S	futex_do_wait	19048	33810501632	105.154	1.854	
132.3	S	futex_do_wait	19048	33810501632	105.154	1.854	
134.3	S	futex_do_wait	19048	33810501632	105.154	1.854	
136.3	S	futex_do_wait	19048	33810501632	105.154	1.854	
138.3	S	futex_do_wait	19048	33810501632	105.154	1.854	
140.3	S	futex_do_wait	19048	33810501632	105.154	1.854	
142.3	S	futex_do_wait	19048	33810501632	105.154	1.854	
144.3	S	futex_do_wait	19048	33810501632	105.154	1.854	
146.3	S	futex_do_wait	15468	33810501632	105.154	1.854	
148.3	S	futex_do_wait	15468	33810501632	105.154	1.854	
150.3	S	futex_do_wait	15468	33810501632	105.154	1.854	
152.3	S	futex_do_wait	15468	33810501632	105.154	1.854	
154.3	S	futex_do_wait	15468	33810501632	105.154	1.854	
156.3	S	futex_do_wait	15468	33810501632	105.154	1.854	
158.3	S	futex_do_wait	18288	33815117824	105.154	1.854	
160.3	S	futex_do_wait	18288	33815117824	105.154	1.854	
162.3	S	futex_do_wait	18288	33815117824	105.154	1.854	
164.3	S	futex_do_wait	18288	33815117824	105.154	1.854	
166.3	S	futex_do_wait	13904	33815117824	105.154	1.854	
168.3	S	futex_do_wait	13832	33815117824	105.154	1.854	
170.3	S	futex_do_wait	6424	33815117824	105.154	1.854	
172.3	S	futex_do_wait	6424	33815117824	105.154	1.854	
174.3	S	futex_do_wait	6424	33815117824	105.154	1.854	
176.3	S	futex_do_wait	6424	33815117824	105.154	1.854	
178.3	S	futex_do_wait	6424	33815117824	105.154	1.854	
180.3	S	futex_do_wait	6488	33815261184	105.154	1.854	
182.3	S	futex_do_wait	6488	33815261184	105.154	1.854	
184.3	S	futex_do_wait	6488	33815261184	105.154	1.854	
186.3	S	futex_do_wait	6488	33815261184	105.154	1.854	
188.3	S	futex_do_wait	16820	33828966400	105.154	1.854	
190.3	S	futex_do_wait	16820	33828966400	105.154	1.854	
192.3	S	futex_do_wait	16820	33828966400	105.154	1.854	
194.3	S	futex_do_wait	16820	33828966400	105.154	1.854	
196.3	S	futex_do_wait	16820	33828966400	105.154	1.854	
198.3	S	futex_do_wait	16824	33828966400	105.154	1.854	
200.3	S	futex_do_wait	16824	33828966400	105.154	1.854	
202.3	S	futex_do_wait	16824	33828966400	105.154	1.854	
204.3	S	futex_do_wait	16824	33828966400	105.154	1.854	
206.3	S	futex_do_wait	16824	33828966400	105.154	1.854	
208.3	S	futex_do_wait	16824	33828966400	105.154	1.854	
210.3	S	futex_do_wait	16824	33828966400	105.154	1.854	
212.3	S	futex_do_wait	16824	33828966400	105.154	1.854	
214.3	S	futex_do_wait	16824	33828966400	105.154	1.854	
216.3	S	futex_do_wait	16824	33828966400	105.154	1.854	
218.3	S	drm_syncobj_array_wait_timeout.constprop.0	16892	33828982784	105.154	1.854	
220.3	S	futex_do_wait	16904	33828986880	105.154	1.854	
222.3	S	futex_do_wait	16904	33828986880	105.154	1.854	
224.3	S	futex_do_wait	16904	33828986880	105.154	1.854	
226.3	S	futex_do_wait	16904	33828986880	105.154	1.854	
228.3	S	futex_do_wait	16904	33828986880	105.154	1.854	
230.3	S	futex_do_wait	16904	33828986880	105.154	1.854	
232.3	S	futex_do_wait	16904	33828986880	105.154	1.854	
234.3	S	futex_do_wait	16904	33828986880	105.154	1.854	
236.3	S	futex_do_wait	16904	33828986880	105.154	1.854	
238.3	S	futex_do_wait	16904	33828986880	105.154	1.854	
240.3	S	futex_do_wait	16904	33828986880	105.154	1.854	
242.3	S	futex_do_wait	16904	33828986880	105.154	1.854	
244.3	S	futex_do_wait	16904	33828986880	105.154	1.854	
246.3	S	futex_do_wait	16904	33828986880	105.154	1.854	
248.3	S	futex_do_wait	16904	33828986880	105.154	1.854	
250.3	S	futex_do_wait	16980	33829007360	105.154	1.854	
252.3	S	futex_do_wait	16980	33829007360	105.154	1.854	
254.3	S	futex_do_wait	16980	33829007360	105.154	1.854	
256.3	S	futex_do_wait	16980	33829007360	105.154	1.854	
258.3	S	futex_do_wait	16980	33829007360	105.154	1.854	
260.3	S	futex_do_wait	16980	33829007360	105.154	1.854	
262.3	S	futex_do_wait	16980	33829007360	105.154	1.854	
264.3	S	futex_do_wait	16980	33829007360	105.154	1.854	
266.3	S	futex_do_wait	13588	33829007360	105.154	1.854	
268.3	S	futex_do_wait	13588	33829007360	105.154	1.854	
270.3	S	futex_do_wait	13588	33829007360	105.154	1.854	
272.3	S	futex_do_wait	13588	33829007360	105.154	1.854	
274.3	S	futex_do_wait	13588	33829007360	105.154	1.854	
276.3	S	futex_do_wait	13588	33829007360	105.154	1.854	
278.3	S	futex_do_wait	13588	33829007360	105.154	1.854	
280.3	S	drm_syncobj_array_wait_timeout.constprop.0	15760	33832738816	105.154	1.854	
282.3	S	futex_do_wait	16224	33833230336	105.154	1.854	
284.3	S	futex_do_wait	16224	33833230336	105.154	1.854	
286.3	S	futex_do_wait	16224	33833230336	105.154	1.854	
288.3	S	futex_do_wait	16224	33833230336	105.154	1.854	
290.3	S	futex_do_wait	16224	33833230336	105.154	1.854	
292.3	S	futex_do_wait	16224	33833230336	105.154	1.854	
294.3	S	futex_do_wait	16224	33833230336	105.154	1.854	
296.3	S	futex_do_wait	16224	33833230336	105.154	1.854	
298.3	S	futex_do_wait	16224	33833230336	105.154	1.854	
300.3	S	futex_do_wait	16224	33833230336	105.154	1.854	
302.3	S	futex_do_wait	16224	33833230336	105.154	1.854	
304.3	S	futex_do_wait	16224	33833230336	105.154	1.854	
306.3	S	futex_do_wait	16224	33833230336	105.154	1.854	
308.3	S	futex_do_wait	16224	33833230336	105.154	1.854	
310.3	S	futex_do_wait	16224	33833230336	105.154	1.854	
312.3	S	futex_do_wait	16308	33833259008	105.154	1.854	
314.4	S	futex_do_wait	16308	33833259008	105.154	1.854	
316.4	S	futex_do_wait	16308	33833259008	105.154	1.854	
318.4	S	futex_do_wait	16308	33833259008	105.154	1.854	
320.4	S	futex_do_wait	16308	33833259008	105.154	1.854	
322.4	S	futex_do_wait	16308	33833259008	105.154	1.854	
324.4	S	futex_do_wait	16308	33833259008	105.154	1.854	
326.4	S	futex_do_wait	16308	33833259008	105.154	1.854	
328.4	S	futex_do_wait	16308	33833259008	105.154	1.854	
330.4	S	futex_do_wait	16308	33833259008	105.154	1.854	
332.4	S	futex_do_wait	16308	33833259008	105.154	1.854	
334.4	S	futex_do_wait	16308	33833259008	105.154	1.854	
336.4	S	futex_do_wait	16308	33833259008	105.154	1.854	
338.4	S	futex_do_wait	16308	33833259008	105.154	1.854	
340.4	S	futex_do_wait	16308	33833259008	105.154	1.854	
342.4	D	folio_wait_bit_common	42056	33864753152	26.181	1.807	
