original,new_name,tag,reason,status
stage2-sweep/out/refvoice/vctk_p239_ref.wav,vctk_p239_ref__WINNER-VOICE__p239-sw-england-owner-s-1st-choice-became-the-narrator.wav,WINNER-VOICE,"p239 SW England, owner's 1st choice, became the narrator",RENAMED
stage2-sweep/out/refvoice/aud_p239.wav,aud_p239__WINNER-VOICE__p239-sw-england-owner-s-1st-choice-became-the-narrator.wav,WINNER-VOICE,"p239 SW England, owner's 1st choice, became the narrator",RENAMED
stage2-sweep/out/refvoice/vctk_p233_ref.wav,vctk_p233_ref__RUNNER-UP-VOICE__p233-staffordshire-owner-s-2nd-choice.wav,RUNNER-UP-VOICE,"p233 Staffordshire, owner's 2nd choice",RENAMED
stage2-sweep/out/refvoice/aud_p233.wav,aud_p233__RUNNER-UP-VOICE__p233-staffordshire-owner-s-2nd-choice.wav,RUNNER-UP-VOICE,"p233 Staffordshire, owner's 2nd choice",RENAMED
stage2-sweep/out/refvoice/vctk_p225_ref.wav,vctk_p225_ref__REJECTED-NOT-CHOSEN__one-of-8-vctk-speakers-auditioned-not-chosen-owner-picked-p2.wav,REJECTED-NOT-CHOSEN,"one of 8 VCTK speakers auditioned, not chosen (owner picked p239 then p233)",RENAMED
stage2-sweep/out/refvoice/aud_p225.wav,aud_p225__REJECTED-NOT-CHOSEN__one-of-8-vctk-speakers-auditioned-not-chosen-owner-picked-p2.wav,REJECTED-NOT-CHOSEN,"one of 8 VCTK speakers auditioned, not chosen (owner picked p239 then p233)",RENAMED
stage2-sweep/out/refvoice/vctk_p228_ref.wav,vctk_p228_ref__REJECTED-NOT-CHOSEN__one-of-8-vctk-speakers-auditioned-not-chosen-owner-picked-p2.wav,REJECTED-NOT-CHOSEN,"one of 8 VCTK speakers auditioned, not chosen (owner picked p239 then p233)",RENAMED
stage2-sweep/out/refvoice/aud_p228.wav,aud_p228__REJECTED-NOT-CHOSEN__one-of-8-vctk-speakers-auditioned-not-chosen-owner-picked-p2.wav,REJECTED-NOT-CHOSEN,"one of 8 VCTK speakers auditioned, not chosen (owner picked p239 then p233)",RENAMED
stage2-sweep/out/refvoice/vctk_p229_ref.wav,vctk_p229_ref__REJECTED-NOT-CHOSEN__one-of-8-vctk-speakers-auditioned-not-chosen-owner-picked-p2.wav,REJECTED-NOT-CHOSEN,"one of 8 VCTK speakers auditioned, not chosen (owner picked p239 then p233)",RENAMED
stage2-sweep/out/refvoice/aud_p229.wav,aud_p229__REJECTED-NOT-CHOSEN__one-of-8-vctk-speakers-auditioned-not-chosen-owner-picked-p2.wav,REJECTED-NOT-CHOSEN,"one of 8 VCTK speakers auditioned, not chosen (owner picked p239 then p233)",RENAMED
stage2-sweep/out/refvoice/vctk_p230_ref.wav,vctk_p230_ref__REJECTED-NOT-CHOSEN__one-of-8-vctk-speakers-auditioned-not-chosen-owner-picked-p2.wav,REJECTED-NOT-CHOSEN,"one of 8 VCTK speakers auditioned, not chosen (owner picked p239 then p233)",RENAMED
stage2-sweep/out/refvoice/aud_p230.wav,aud_p230__REJECTED-NOT-CHOSEN__one-of-8-vctk-speakers-auditioned-not-chosen-owner-picked-p2.wav,REJECTED-NOT-CHOSEN,"one of 8 VCTK speakers auditioned, not chosen (owner picked p239 then p233)",RENAMED
stage2-sweep/out/refvoice/vctk_p231_ref.wav,vctk_p231_ref__REJECTED-NOT-CHOSEN__one-of-8-vctk-speakers-auditioned-not-chosen-owner-picked-p2.wav,REJECTED-NOT-CHOSEN,"one of 8 VCTK speakers auditioned, not chosen (owner picked p239 then p233)",RENAMED
stage2-sweep/out/refvoice/aud_p231.wav,aud_p231__REJECTED-NOT-CHOSEN__one-of-8-vctk-speakers-auditioned-not-chosen-owner-picked-p2.wav,REJECTED-NOT-CHOSEN,"one of 8 VCTK speakers auditioned, not chosen (owner picked p239 then p233)",RENAMED
stage2-sweep/out/refvoice/vctk_p236_ref.wav,vctk_p236_ref__REJECTED-NOT-CHOSEN__one-of-8-vctk-speakers-auditioned-not-chosen-owner-picked-p2.wav,REJECTED-NOT-CHOSEN,"one of 8 VCTK speakers auditioned, not chosen (owner picked p239 then p233)",RENAMED
stage2-sweep/out/refvoice/aud_p236.wav,aud_p236__REJECTED-NOT-CHOSEN__one-of-8-vctk-speakers-auditioned-not-chosen-owner-picked-p2.wav,REJECTED-NOT-CHOSEN,"one of 8 VCTK speakers auditioned, not chosen (owner picked p239 then p233)",RENAMED
stage2-sweep/out/refvoice/p239_dn1.wav,p239_dn1__DENOISE-WORSE__afftdn-denoise-take-1-gated-quiet-passages-to-inf-floor.wav,DENOISE-WORSE,afftdn denoise take 1 - gated quiet passages to -inf floor,RENAMED
stage2-sweep/out/refvoice/p239_dn2.wav,p239_dn2__DENOISE-WORSE__afftdn-denoise-take-2-gated-quiet-passages-to-inf-floor.wav,DENOISE-WORSE,afftdn denoise take 2 - gated quiet passages to -inf floor,RENAMED
stage2-sweep/out/refvoice/aud_p239_dn1.wav,aud_p239_dn1__DENOISE-WORSE__afftdn-denoise-take-1-gated-quiet-passages-to-inf-floor.wav,DENOISE-WORSE,afftdn denoise take 1 - gated quiet passages to -inf floor,RENAMED
stage2-sweep/out/refvoice/aud_p239_dn2.wav,aud_p239_dn2__DENOISE-WORSE__afftdn-denoise-take-2-gated-quiet-passages-to-inf-floor.wav,DENOISE-WORSE,afftdn denoise take 2 - gated quiet passages to -inf floor,RENAMED
stage2-sweep/out/refvoice/uk-audio1.mp3,uk-audio1__REJECTED-AUDIENCE-NOISE__candidate-reference-clip-audience-clapping-caught-by-ear-not.mp3,REJECTED-AUDIENCE-NOISE,"candidate reference clip - audience clapping, caught by ear not by any automated screen",RENAMED
stage2-sweep/out/refvoice/uk-audio2.mp3,uk-audio2__NO-VERDICT__candidate-reference-source-no-explicit-accept-reject-recorde.mp3,NO-VERDICT,"candidate reference source, no explicit accept-reject recorded, superseded by VCTK",RENAMED
stage2-sweep/out/refvoice/uk-audio2_00156.8-00170.7.wav,uk-audio2_00156.8-00170.7__NO-VERDICT__candidate-reference-clip-no-explicit-accept-reject-recorded.wav,NO-VERDICT,"candidate reference clip, no explicit accept-reject recorded",RENAMED
stage2-sweep/out/refvoice/uk-audio2_00220.1-00234.5.wav,uk-audio2_00220.1-00234.5__NO-VERDICT__candidate-reference-clip-no-explicit-accept-reject-recorded.wav,NO-VERDICT,"candidate reference clip, no explicit accept-reject recorded",RENAMED
stage2-sweep/out/refvoice/uk-audio2_00346.0-00359.2.wav,uk-audio2_00346.0-00359.2__NO-VERDICT__candidate-reference-clip-no-explicit-accept-reject-recorded.wav,NO-VERDICT,"candidate reference clip, no explicit accept-reject recorded",RENAMED
stage2-sweep/out/refvoice/uk-audio2_00441.3-00455.5.wav,uk-audio2_00441.3-00455.5__NO-VERDICT__candidate-reference-clip-no-explicit-accept-reject-recorded.wav,NO-VERDICT,"candidate reference clip, no explicit accept-reject recorded",RENAMED
stage2-sweep/out/refvoice/tra-go-to-expert.mp3,tra-go-to-expert__REFERENCE-SOURCE__owner-s-own-podcast-episode-source-for-his-own-voice-cloning.mp3,REFERENCE-SOURCE,"owner's own podcast episode, source for his own-voice cloning reference",RENAMED
stage2-sweep/out/refvoice/tra-go-to-expert_00975.9-00988.5.wav,tra-go-to-expert_00975.9-00988.5__ACCEPTED-RANKED-1ST__owner-s-own-voice-reference-clip-ranked-1st-of-4-all-called-.wav,ACCEPTED-RANKED-1ST,"owner's own-voice reference clip, ranked 1st of 4, all called pretty decent",RENAMED
stage2-sweep/out/refvoice/tra-go-to-expert_00553.2-00567.7.wav,tra-go-to-expert_00553.2-00567.7__ACCEPTED-RANKED-2ND__owner-s-own-voice-reference-clip-ranked-2nd-of-4-all-called-.wav,ACCEPTED-RANKED-2ND,"owner's own-voice reference clip, ranked 2nd of 4, all called pretty decent",RENAMED
stage2-sweep/out/refvoice/tra-go-to-expert_00859.9-00874.8.wav,tra-go-to-expert_00859.9-00874.8__ACCEPTED-RANKED-3RD__owner-s-own-voice-reference-clip-ranked-3rd-of-4-all-called-.wav,ACCEPTED-RANKED-3RD,"owner's own-voice reference clip, ranked 3rd of 4, all called pretty decent",RENAMED
stage2-sweep/out/refvoice/tra-go-to-expert_00144.7-00158.5.wav,tra-go-to-expert_00144.7-00158.5__ACCEPTED-RANKED-4TH__owner-s-own-voice-reference-clip-ranked-4th-of-4-still-calle.wav,ACCEPTED-RANKED-4TH,"owner's own-voice reference clip, ranked 4th of 4, still called pretty decent",RENAMED
stage2-sweep/out/refvoice/cb_uk_asis.wav,cb_uk_asis__NO-VERDICT__early-chatterbox-pace-test-no-specific-verdict-recorded-like.wav,NO-VERDICT,"early Chatterbox pace test, no specific verdict recorded, likely superseded",RENAMED
stage2-sweep/out/refvoice/cb_uk_slower.wav,cb_uk_slower__NO-VERDICT__early-chatterbox-pace-test-no-specific-verdict-recorded-like.wav,NO-VERDICT,"early Chatterbox pace test, no specific verdict recorded, likely superseded",RENAMED
stage2-sweep/out/refvoice/cb_uk_slowest.wav,cb_uk_slowest__NO-VERDICT__early-chatterbox-pace-test-no-specific-verdict-recorded-like.wav,NO-VERDICT,"early Chatterbox pace test, no specific verdict recorded, likely superseded",RENAMED
stage2-sweep/out/refvoice/vox_uk_clone.wav,vox_uk_clone__NO-VERDICT__early-voxcpm2-clone-test-no-specific-verdict-recorded-likely.wav,NO-VERDICT,"early VoxCPM2 clone test, no specific verdict recorded, likely superseded",RENAMED
stage2-sweep/out/refvoice/cb_tra_a.wav,cb_tra_a__REJECTED-TOO-AMERICAN__chatterbox-clone-of-own-voice-take-a-f54-own-voice-track-clo.wav,REJECTED-TOO-AMERICAN,"Chatterbox clone of own voice, take A, F54 own-voice track closure",RENAMED
stage2-sweep/out/refvoice/cb_tra_b.wav,cb_tra_b__REJECTED-TOO-AMERICAN__chatterbox-clone-of-own-voice-take-b-f54-own-voice-track-clo.wav,REJECTED-TOO-AMERICAN,"Chatterbox clone of own voice, take B, F54 own-voice track closure",RENAMED
stage2-sweep/out/refvoice/f5_tra_s10.wav,f5_tra_s10__REJECTED-TOO-AMERICAN__f5-tts-clone-of-own-voice-native-speed-1-0-f54-own-voice-tra.wav,REJECTED-TOO-AMERICAN,"F5-TTS clone of own voice, native speed=1.0, F54 own-voice track closure",RENAMED
stage2-sweep/out/refvoice/f5_tra_s088.wav,f5_tra_s088__REJECTED-TOO-AMERICAN__f5-tts-clone-of-own-voice-native-speed-0-88-f54-own-voice-tr.wav,REJECTED-TOO-AMERICAN,"F5-TTS clone of own voice, native speed=0.88, F54 own-voice track closure",RENAMED
stage2-sweep/out/refvoice/vox_tra_clone.wav,vox_tra_clone__REJECTED-TOO-AMERICAN__voxcpm2-clone-of-own-voice-f54-own-voice-track-closure.wav,REJECTED-TOO-AMERICAN,"VoxCPM2 clone of own voice, F54 own-voice track closure",RENAMED
stage2-sweep/out/refvoice/cb_ac_c50.wav,cb_ac_c50__REJECTED-TOO-AMERICAN__chatterbox-cfg-weight-0-50-accent-pace-decoupling-test-own-v.wav,REJECTED-TOO-AMERICAN,"Chatterbox cfg_weight=0.50 accent-pace decoupling test, own voice",RENAMED
stage2-sweep/out/refvoice/_raw_c50.wav,_raw_c50__REJECTED-TOO-AMERICAN__duplicate-render-cfg-weight-0-50-accent-pace-decoupling-test.wav,REJECTED-TOO-AMERICAN,"duplicate render, cfg_weight=0.50 accent-pace decoupling test, own voice",RENAMED
stage2-sweep/out/refvoice/cb_ac_c50_slow.wav,cb_ac_c50_slow__REJECTED-TOO-AMERICAN__chatterbox-cfg-0-50-atempo-slowed-own-voice-decoupling-test.wav,REJECTED-TOO-AMERICAN,"Chatterbox cfg=0.50 + atempo-slowed, own voice, decoupling test",RENAMED
stage2-sweep/out/refvoice/_raw_c50_slow.wav,_raw_c50_slow__REJECTED-TOO-AMERICAN__duplicate-render-cfg-0-50-atempo-slowed-own-voice-decoupling.wav,REJECTED-TOO-AMERICAN,"duplicate render, cfg=0.50 + atempo-slowed, own voice, decoupling test",RENAMED
stage2-sweep/out/refvoice/cb_ac_c70.wav,cb_ac_c70__REJECTED-TOO-AMERICAN__chatterbox-cfg-weight-0-70-accent-pace-decoupling-test-own-v.wav,REJECTED-TOO-AMERICAN,"Chatterbox cfg_weight=0.70 accent-pace decoupling test, own voice",RENAMED
stage2-sweep/out/refvoice/_raw_c70.wav,_raw_c70__REJECTED-TOO-AMERICAN__duplicate-render-cfg-weight-0-70-accent-pace-decoupling-test.wav,REJECTED-TOO-AMERICAN,"duplicate render, cfg_weight=0.70 accent-pace decoupling test, own voice",RENAMED
stage2-sweep/out/refvoice/cb_ac_c70_slow.wav,cb_ac_c70_slow__REJECTED-TOO-AMERICAN__chatterbox-cfg-0-70-atempo-slowed-own-voice-decoupling-test.wav,REJECTED-TOO-AMERICAN,"Chatterbox cfg=0.70 + atempo-slowed, own voice, decoupling test",RENAMED
stage2-sweep/out/refvoice/_raw_c70_slow.wav,_raw_c70_slow__REJECTED-TOO-AMERICAN__duplicate-render-cfg-0-70-atempo-slowed-own-voice-decoupling.wav,REJECTED-TOO-AMERICAN,"duplicate render, cfg=0.70 + atempo-slowed, own voice, decoupling test",RENAMED
stage2-sweep/out/refvoice/cosy_zs.wav,cosy_zs__GARBLED__cosyvoice3-zero-shot-own-voice-clone-unintelligible-f55.wav,GARBLED,"CosyVoice3 zero-shot own-voice clone, unintelligible (F55)",RENAMED
stage2-sweep/out/refvoice/cosy_irish.wav,cosy_irish__GARBLED__cosyvoice3-with-explicit-irish-accent-instruct-unintelligibl.wav,GARBLED,"CosyVoice3 with explicit Irish-accent instruct, unintelligible (F55)",RENAMED
stage2-sweep/out/refvoice/cosy_copyacc.wav,cosy_copyacc__GARBLED__cosyvoice3-copy-accent-attempt-unintelligible-f55.wav,GARBLED,"CosyVoice3 copy-accent attempt, unintelligible (F55)",RENAMED
stage2-sweep/out/refvoice/cosy_tra_s10.wav,cosy_tra_s10__GARBLED__cosyvoice3-clone-of-own-voice-unintelligible-f55.wav,GARBLED,"CosyVoice3 clone of own voice, unintelligible (F55)",RENAMED
stage2-sweep/out/refvoice/ctl_docs_zh.wav,ctl_docs_zh__GARBLED-OWN-EXAMPLE__the-decisive-positive-control-cosyvoice3-failed-its-own-docu.wav,GARBLED-OWN-EXAMPLE,"the decisive positive control - CosyVoice3 failed its OWN documented README example, Chinese text",RENAMED
stage2-sweep/out/refvoice/ctl_docs_en.wav,ctl_docs_en__GARBLED-OWN-EXAMPLE__the-decisive-positive-control-cosyvoice3-failed-its-own-docu.wav,GARBLED-OWN-EXAMPLE,"the decisive positive control - CosyVoice3 failed its OWN documented README example, English text",RENAMED
stage2-sweep/out/refvoice/narr_cosy_p233.wav,narr_cosy_p233__GARBLED-DELIVERED-TO-OWNER__narrator-candidate-mistakenly-shown-to-the-owner-before-cosy.wav,GARBLED-DELIVERED-TO-OWNER,narrator candidate mistakenly shown to the owner before CosyVoice3 was known broken,RENAMED
stage2-sweep/out/refvoice/narr_cosy_p239.wav,narr_cosy_p239__GARBLED-DELIVERED-TO-OWNER__narrator-candidate-mistakenly-shown-to-the-owner-before-cosy.wav,GARBLED-DELIVERED-TO-OWNER,narrator candidate mistakenly shown to the owner before CosyVoice3 was known broken,RENAMED
stage2-sweep/out/refvoice/narr_cosy_p239dn.wav,narr_cosy_p239dn__GARBLED-DELIVERED-TO-OWNER__narrator-candidate-denoised-ref-mistakenly-shown-to-the-owne.wav,GARBLED-DELIVERED-TO-OWNER,narrator candidate (denoised ref) mistakenly shown to the owner before CosyVoice3 was known broken,RENAMED
stage2-sweep/out/refvoice/n2_p233_zs.wav,n2_p233_zs__GARBLED__second-cosyvoice3-narrator-attempt-still-unintelligible-acro.wav,GARBLED,"second CosyVoice3 narrator attempt, still unintelligible across dtype fix and 5 reference clips (F55)",RENAMED
stage2-sweep/out/refvoice/n2_p233_xl.wav,n2_p233_xl__GARBLED__second-cosyvoice3-narrator-attempt-still-unintelligible-acro.wav,GARBLED,"second CosyVoice3 narrator attempt, still unintelligible across dtype fix and 5 reference clips (F55)",RENAMED
stage2-sweep/out/refvoice/n2_p239_zs.wav,n2_p239_zs__GARBLED__second-cosyvoice3-narrator-attempt-still-unintelligible-acro.wav,GARBLED,"second CosyVoice3 narrator attempt, still unintelligible across dtype fix and 5 reference clips (F55)",RENAMED
stage2-sweep/out/refvoice/n2_p239_xl.wav,n2_p239_xl__GARBLED__second-cosyvoice3-narrator-attempt-still-unintelligible-acro.wav,GARBLED,"second CosyVoice3 narrator attempt, still unintelligible across dtype fix and 5 reference clips (F55)",RENAMED
stage2-sweep/out/refvoice/n2_own_xl.wav,n2_own_xl__GARBLED__second-cosyvoice3-narrator-attempt-still-unintelligible-acro.wav,GARBLED,"second CosyVoice3 narrator attempt, still unintelligible across dtype fix and 5 reference clips (F55)",RENAMED
stage2-sweep/out/refvoice/narr2_cb_p239.wav,narr2_cb_p239__WINNER-CHOSEN-NARRATOR__p239-cloned-by-chatterbox-the-accepted-narrator-f56.wav,WINNER-CHOSEN-NARRATOR,"p239 cloned by Chatterbox - the accepted narrator, F56",RENAMED
stage2-sweep/out/refvoice/narr2_cb_p233.wav,narr2_cb_p233__ACCEPTED-RUNNER-UP__p233-cloned-by-chatterbox-accepted-by-owner-lost-tie-break-t.wav,ACCEPTED-RUNNER-UP,"p233 cloned by Chatterbox - accepted by owner, lost tie-break to p239",RENAMED
stage2-sweep/out/refvoice/narr2_vox_p239.wav,narr2_vox_p239__REJECTED-LOST-TO-CHATTERBOX__p239-cloned-by-voxcpm2-rejected-chatterbox-won-on-both-voice.wav,REJECTED-LOST-TO-CHATTERBOX,"p239 cloned by VoxCPM2 - rejected, Chatterbox won on both voices",RENAMED
stage2-sweep/out/refvoice/narr2_vox_p233.wav,narr2_vox_p233__REJECTED-LOST-TO-CHATTERBOX__p233-cloned-by-voxcpm2-rejected-chatterbox-won-on-both-voice.wav,REJECTED-LOST-TO-CHATTERBOX,"p233 cloned by VoxCPM2 - rejected, Chatterbox won on both voices",RENAMED
stage2-sweep/out/refvoice/narrator_longform_p239.wav,narrator_longform_p239__WINNER-ACCEPTED-GOOD-ENOUGH__68s-sustained-narrator-sample-owner-s-final-good-enough-verd.wav,WINNER-ACCEPTED-GOOD-ENOUGH,"68s sustained narrator sample - owner's final good-enough verdict, F56 addendum",RENAMED
stage2-sweep/out/refvoice/probe_raw.wav,probe_raw__DIAGNOSTIC-CONTROL__number-normalisation-probe-proved-the-asr-gate-cannot-distin.wav,DIAGNOSTIC-CONTROL,number-normalisation probe - proved the ASR gate cannot distinguish spelled numbers from digits,RENAMED
stage2-sweep/out/refvoice/probe_spelled.wav,probe_spelled__DIAGNOSTIC-CONTROL__number-normalisation-probe-proved-the-asr-gate-cannot-distin.wav,DIAGNOSTIC-CONTROL,number-normalisation probe - proved the ASR gate cannot distinguish spelled numbers from digits,RENAMED
stage2-sweep/out/voxcpm.wav,voxcpm__DIAGNOSTIC-MEASUREMENT-TRAP__voxcpm2-viability-spike-misread-at-16khz-3x-too-fast-rtf-ill.wav,DIAGNOSTIC-MEASUREMENT-TRAP,VoxCPM2 viability spike misread at 16kHz - 3x-too-fast RTF illusion before the sample-rate bug was found,RENAMED
stage2-sweep/out/voxcpm_48k.wav,voxcpm_48k__NOT-JUDGED__same-voxcpm2-render-reinterpreted-at-its-correct-48khz-rate-.wav,NOT-JUDGED,"same VoxCPM2 render reinterpreted at its correct 48kHz rate, never itself scored",RENAMED
stage2-sweep/out/slice_missing.wav,slice_missing__DIAGNOSTIC-CONTROL__isolated-36s-slice-proved-a-72-word-asr-gate-drop-was-a-tran.wav,DIAGNOSTIC-CONTROL,"isolated 36s slice - proved a 72-word ASR gate drop was a transcription artefact, not a bad render",RENAMED
stage2-sweep/out/tail0002.wav,tail0002__DIAGNOSTIC-CONTROL__isolated-signature-line-slice-proved-whisper-duplicated-a-na.wav,DIAGNOSTIC-CONTROL,isolated signature-line slice - proved Whisper duplicated a name that was spoken only once,RENAMED
stage2-sweep/out/tail0006.wav,tail0006__DIAGNOSTIC-CONTROL__isolated-signature-line-slice-confirmed-clean-narration-no-d.wav,DIAGNOSTIC-CONTROL,"isolated signature-line slice - confirmed clean narration, no defect",RENAMED
stage2-sweep/out/live_6360.mp3,live_6360__REJECTED-TERRIBLE-OLD-SITE-VOICE__the-old-live-site-narration-the-owner-asked-to-have-pulled-d.mp3,REJECTED-TERRIBLE-OLD-SITE-VOICE,the old live-site narration the owner asked to have pulled down for a terrible voice,RENAMED
tts-bench/listening/01-first-person-argument__A.wav,01-first-person-argument__A__NOT-SCORED-SUPERSEDED__blind-labelled-t13-pack-f5-tts-scoring-sheet-left-blank-supe.wav,NOT-SCORED-SUPERSEDED,"blind-labelled T13 pack (f5-tts), scoring sheet left blank, superseded by the quality-first shared-line pivot",RENAMED
tts-bench/listening/01-first-person-argument__B.wav,01-first-person-argument__B__NOT-SCORED-SUPERSEDED__blind-labelled-t13-pack-qwen-aiden-scoring-sheet-left-blank-.wav,NOT-SCORED-SUPERSEDED,"blind-labelled T13 pack (qwen-aiden), scoring sheet left blank, superseded by the quality-first shared-line pivot",RENAMED
tts-bench/listening/01-first-person-argument__C.wav,01-first-person-argument__C__NOT-SCORED-SUPERSEDED__blind-labelled-t13-pack-qwen-ryan-scoring-sheet-left-blank-s.wav,NOT-SCORED-SUPERSEDED,"blind-labelled T13 pack (qwen-ryan), scoring sheet left blank, superseded by the quality-first shared-line pivot",RENAMED
tts-bench/listening/01-first-person-argument__D.wav,01-first-person-argument__D__NOT-SCORED-SUPERSEDED__blind-labelled-t13-pack-kokoro-bf-emma-scoring-sheet-left-bl.wav,NOT-SCORED-SUPERSEDED,"blind-labelled T13 pack (kokoro-bf_emma), scoring sheet left blank, superseded by the quality-first shared-line pivot",RENAMED
tts-bench/listening/01-first-person-argument__E.wav,01-first-person-argument__E__NOT-SCORED-SUPERSEDED__blind-labelled-t13-pack-fish-s2-pro-scoring-sheet-left-blank.wav,NOT-SCORED-SUPERSEDED,"blind-labelled T13 pack (fish-s2-pro), scoring sheet left blank, superseded by the quality-first shared-line pivot",RENAMED
tts-bench/listening/02-technical-acronym-density__A.wav,02-technical-acronym-density__A__NOT-SCORED-SUPERSEDED__blind-labelled-t13-pack-f5-tts-scoring-sheet-left-blank-supe.wav,NOT-SCORED-SUPERSEDED,"blind-labelled T13 pack (f5-tts), scoring sheet left blank, superseded by the quality-first shared-line pivot",RENAMED
tts-bench/listening/02-technical-acronym-density__B.wav,02-technical-acronym-density__B__NOT-SCORED-SUPERSEDED__blind-labelled-t13-pack-qwen-aiden-scoring-sheet-left-blank-.wav,NOT-SCORED-SUPERSEDED,"blind-labelled T13 pack (qwen-aiden), scoring sheet left blank, superseded by the quality-first shared-line pivot",RENAMED
tts-bench/listening/02-technical-acronym-density__C.wav,02-technical-acronym-density__C__NOT-SCORED-SUPERSEDED__blind-labelled-t13-pack-qwen-ryan-scoring-sheet-left-blank-s.wav,NOT-SCORED-SUPERSEDED,"blind-labelled T13 pack (qwen-ryan), scoring sheet left blank, superseded by the quality-first shared-line pivot",RENAMED
tts-bench/listening/02-technical-acronym-density__D.wav,02-technical-acronym-density__D__NOT-SCORED-SUPERSEDED__blind-labelled-t13-pack-kokoro-bf-emma-scoring-sheet-left-bl.wav,NOT-SCORED-SUPERSEDED,"blind-labelled T13 pack (kokoro-bf_emma), scoring sheet left blank, superseded by the quality-first shared-line pivot",RENAMED
tts-bench/listening/02-technical-acronym-density__E.wav,02-technical-acronym-density__E__NOT-SCORED-SUPERSEDED__blind-labelled-t13-pack-fish-s2-pro-scoring-sheet-left-blank.wav,NOT-SCORED-SUPERSEDED,"blind-labelled T13 pack (fish-s2-pro), scoring sheet left blank, superseded by the quality-first shared-line pivot",RENAMED
tts-bench/listening/engine-ab-reel.mp3,engine-ab-reel__NOT-SCORED-SUPERSEDED__early-a-b-reel-built-alongside-the-never-scored-blind-pack.mp3,NOT-SCORED-SUPERSEDED,early A/B reel built alongside the never-scored blind pack,RENAMED
tts-bench/listening/w3-shared-line-reel.mp3,w3-shared-line-reel__REFERENCE-INSTRUMENT__the-shared-line-engine-viability-reel-3-shippable-candidates.mp3,REFERENCE-INSTRUMENT,"the shared-line engine viability reel - 3 shippable candidates + Kokoro floor + F5 yardstick, honestly labelled",RENAMED
tts-bench/listening/refvoice-audition.mp3,refvoice-audition__REFERENCE-INSTRUMENT__vctk-8-speaker-audition-reel-that-produced-the-p239-p233-ran.mp3,REFERENCE-INSTRUMENT,VCTK 8-speaker audition reel that produced the p239/p233 ranking,RENAMED
tts-bench/listening/refclip-audition.mp3,refclip-audition__REFERENCE-INSTRUMENT__candidate-reference-clip-audition-reel.mp3,REFERENCE-INSTRUMENT,candidate reference-clip audition reel,RENAMED
tts-bench/listening/cb-pace-reel.mp3,cb-pace-reel__NO-VERDICT__chatterbox-pace-test-reel-own-voice-track-no-specific-verdic.mp3,NO-VERDICT,"Chatterbox pace-test reel, own-voice track, no specific verdict recorded",RENAMED
tts-bench/listening/tra-clip-audition.mp3,tra-clip-audition__ACCEPTED-ALL-DECENT__reel-behind-the-owner-s-4-clip-ranking-of-his-own-podcast-re.mp3,ACCEPTED-ALL-DECENT,"reel behind the owner's 4-clip ranking of his own podcast reference, all called pretty decent",RENAMED
tts-bench/listening/tra-voice-clone.mp3,tra-voice-clone__REJECTED-TOO-AMERICAN__own-voice-clone-comparison-reel-swept-into-f54-s-blanket-rej.mp3,REJECTED-TOO-AMERICAN,"own-voice clone comparison reel, swept into F54's blanket rejection",RENAMED
tts-bench/listening/tra-accent-test.mp3,tra-accent-test__REJECTED-TOO-AMERICAN__cfg-weight-atempo-accent-pace-decoupling-test-reel-own-voice.mp3,REJECTED-TOO-AMERICAN,"cfg-weight/atempo accent-pace decoupling test reel, own voice, F54",RENAMED
tts-bench/listening/tra-two-engines.mp3,tra-two-engines__REJECTED-TOO-AMERICAN__two-engine-own-voice-comparison-reel-f54.mp3,REJECTED-TOO-AMERICAN,"two-engine own-voice comparison reel, F54",RENAMED
tts-bench/listening/refvoice-regional.mp3,refvoice-regional__REFERENCE-INSTRUMENT__vctk-regional-accent-comparison-reel-behind-the-p239-p233-ra.mp3,REFERENCE-INSTRUMENT,VCTK regional-accent comparison reel behind the p239/p233 ranking,RENAMED
tts-bench/listening/p239-denoise.mp3,p239-denoise__DENOISE-WORSE__p239-denoise-a-b-reel-measured-cleaner-produced-a-materially.mp3,DENOISE-WORSE,"p239 denoise A/B reel - measured cleaner, produced a materially degraded clone",RENAMED
tts-bench/listening/tra-f5.mp3,tra-f5__REJECTED-TOO-AMERICAN__f5-tts-own-voice-clone-reel-f54.mp3,REJECTED-TOO-AMERICAN,"F5-TTS own-voice clone reel, F54",RENAMED
tts-bench/listening/tra-four-engines.mp3,tra-four-engines__REJECTED-TOO-AMERICAN__four-engine-own-voice-comparison-reel-behind-the-f54-all-too.mp3,REJECTED-TOO-AMERICAN,four-engine own-voice comparison reel behind the F54 all-too-American verdict,RENAMED
tts-bench/listening/tra-zeroshot.mp3,tra-zeroshot__GARBLED__cosyvoice3-own-voice-zero-shot-reel-unintelligible-f55.mp3,GARBLED,"CosyVoice3 own-voice zero-shot reel, unintelligible (F55)",RENAMED
tts-bench/listening/narrator-cloned.mp3,narrator-cloned__GARBLED-DELIVERED-TO-OWNER__the-reel-that-delivered-3-garbled-cosyvoice3-narrator-candid.mp3,GARBLED-DELIVERED-TO-OWNER,the reel that delivered 3 garbled CosyVoice3 narrator candidates before F55 was diagnosed,RENAMED
tts-bench/listening/narrator-pairs-reel.mp3,narrator-pairs-reel__WINNER-DECIDING-REEL__the-corrected-reference-clone-reel-that-produced-the-f56-nar.mp3,WINNER-DECIDING-REEL,the corrected reference-clone reel that produced the F56 narrator decision,RENAMED
tts-bench/listening/narrator-p239-chatterbox-68s.mp3,narrator-p239-chatterbox-68s__WINNER-ACCEPTED-GOOD-ENOUGH__68s-sustained-sample-owner-s-final-good-enough-verdict.mp3,WINNER-ACCEPTED-GOOD-ENOUGH,"68s sustained sample, owner's final good-enough verdict",RENAMED
tts-bench/listening/now/kokoro__bf_isabella.mp3,kokoro__bf_isabella__REJECTED-QUALITY__kokoro-voice-all-voices-rejected-by-ear.mp3,REJECTED-QUALITY,"Kokoro voice, all voices rejected by ear",RENAMED
tts-bench/listening/now/kokoro__bf_emma.mp3,kokoro__bf_emma__REJECTED-QUALITY__kokoro-bf-emma-rejected-in-july-voice-audition.mp3,REJECTED-QUALITY,"Kokoro bf_emma, rejected in July voice audition",RENAMED
tts-bench/listening/now/kokoro__bf_lily.mp3,kokoro__bf_lily__REJECTED-QUALITY__kokoro-voice-all-voices-rejected-by-ear.mp3,REJECTED-QUALITY,"Kokoro voice, all voices rejected by ear",RENAMED
tts-bench/listening/now/kokoro__bf_alice.mp3,kokoro__bf_alice__REJECTED-QUALITY__kokoro-voice-all-voices-rejected-by-ear.mp3,REJECTED-QUALITY,"Kokoro voice, all voices rejected by ear",RENAMED
tts-bench/listening/now/norm_kokoro__bf_isabella.wav,norm_kokoro__bf_isabella__REJECTED-QUALITY__loudness-normalised-copy-same-verdict-as-original.wav,REJECTED-QUALITY,"loudness-normalised copy, same verdict as original",RENAMED
tts-bench/listening/now/norm_kokoro__bf_emma.wav,norm_kokoro__bf_emma__REJECTED-QUALITY__loudness-normalised-copy-same-verdict-as-original.wav,REJECTED-QUALITY,"loudness-normalised copy, same verdict as original",RENAMED
tts-bench/listening/now/norm_kokoro__bf_lily.wav,norm_kokoro__bf_lily__REJECTED-QUALITY__loudness-normalised-copy-same-verdict-as-original.wav,REJECTED-QUALITY,"loudness-normalised copy, same verdict as original",RENAMED
tts-bench/listening/now/norm_kokoro__bf_alice.wav,norm_kokoro__bf_alice__REJECTED-QUALITY__loudness-normalised-copy-same-verdict-as-original.wav,REJECTED-QUALITY,"loudness-normalised copy, same verdict as original",RENAMED
tts-bench/listening/now/f5__cloned.wav,f5__cloned__ACCEPTED-LICENCE-BLOCKED__f5-tts-cloned-voice-quality-yardstick-cc-by-nc-cannot-ship.wav,ACCEPTED-LICENCE-BLOCKED,"F5-TTS cloned voice, quality yardstick, cc-by-nc cannot ship",RENAMED
tts-bench/listening/now/british-female-test.mp3,british-female-test__REFERENCE-INSTRUMENT__shared-line-engine-comparison-reel.mp3,REFERENCE-INSTRUMENT,shared-line engine comparison reel,RENAMED
tts-bench/listening/now/gap.wav,gap__DIAGNOSTIC__audio-gap-timing-test-file.wav,DIAGNOSTIC,audio-gap timing test file,RENAMED
tts-bench/listening/now/gapl.wav,gapl__DIAGNOSTIC__audio-gap-timing-test-file-longer-variant.wav,DIAGNOSTIC,"audio-gap timing test file, longer variant",RENAMED
tts-bench/listening/now/norm_f5__cloned.wav,norm_f5__cloned__ACCEPTED-LICENCE-BLOCKED__loudness-normalised-f5-clone.wav,ACCEPTED-LICENCE-BLOCKED,loudness-normalised F5 clone,RENAMED
tts-bench/listening/now/chatterbox__cloned.wav,chatterbox__cloned__ACCEPTED__chatterbox-voice-clone-test-intelligible.wav,ACCEPTED,"Chatterbox voice-clone test, intelligible",RENAMED
tts-bench/listening/now/norm_chatterbox__cloned.wav,norm_chatterbox__cloned__ACCEPTED__loudness-normalised-chatterbox-clone.wav,ACCEPTED,loudness-normalised Chatterbox clone,RENAMED
tts-bench/listening/now/three-engines.mp3,three-engines__REFERENCE-INSTRUMENT__three-engine-comparison-reel.mp3,REFERENCE-INSTRUMENT,three-engine comparison reel,RENAMED
tts-bench/listening/now/kokoro__af_heart.mp3,kokoro__af_heart__REJECTED-QUALITY__kokoro-af-heart-called-most-emotive-voice-in-lineup-still-re.mp3,REJECTED-QUALITY,"Kokoro af_heart, called most emotive voice in lineup, still rejected by owner's ear",RENAMED
tts-bench/listening/now/kokoro__af_bella.mp3,kokoro__af_bella__REJECTED-QUALITY__kokoro-voice-all-voices-rejected.mp3,REJECTED-QUALITY,"Kokoro voice, all voices rejected",RENAMED
tts-bench/listening/now/kokoro__af_sarah.mp3,kokoro__af_sarah__REJECTED-QUALITY__kokoro-voice-all-voices-rejected.mp3,REJECTED-QUALITY,"Kokoro voice, all voices rejected",RENAMED
tts-bench/listening/now/kokoro__am_fenrir.mp3,kokoro__am_fenrir__MALE-DISQUALIFIED__male-kokoro-voice-fails-female-only-constraint.mp3,MALE-DISQUALIFIED,"male Kokoro voice, fails female-only constraint",RENAMED
tts-bench/listening/now/kokoro__am_michael.mp3,kokoro__am_michael__MALE-DISQUALIFIED__male-kokoro-voice-fails-female-only-constraint.mp3,MALE-DISQUALIFIED,"male Kokoro voice, fails female-only constraint",RENAMED
tts-bench/listening/now/kokoro__bm_george.mp3,kokoro__bm_george__MALE-DISQUALIFIED__male-kokoro-voice-rejected-in-july-audition.mp3,MALE-DISQUALIFIED,"male Kokoro voice, rejected in July audition",RENAMED
tts-bench/listening/now/kokoro__af_nicole.mp3,kokoro__af_nicole__REJECTED-QUALITY__kokoro-voice-all-voices-rejected.mp3,REJECTED-QUALITY,"Kokoro voice, all voices rejected",RENAMED
tts-bench/listening/now/chatterbox__native.wav,chatterbox__native__ACCEPTED__chatterbox-native-voice-intelligible-candidate-engine.wav,ACCEPTED,"Chatterbox native voice, intelligible, candidate engine",RENAMED
tts-bench/listening/now/f5__native.wav,f5__native__ACCEPTED-LICENCE-BLOCKED__f5-tts-native-voice-quality-yardstick-cc-by-nc-cannot-ship.wav,ACCEPTED-LICENCE-BLOCKED,"F5-TTS native voice, quality yardstick, cc-by-nc cannot ship",RENAMED
tts-bench/listening/now/qwen__Ryan.wav,qwen__Ryan__MALE-DISQUALIFIED__qwen3-tts-ryan-male-voice-fails-female-only-narrator-constra.wav,MALE-DISQUALIFIED,"Qwen3-TTS Ryan, male voice, fails female-only narrator constraint",RENAMED
tts-bench/listening/now/af_heart__post6360__full.mp3,af_heart__post6360__full__REJECTED-TERRIBLE-OLD-SITE-VOICE__full-length-kokoro-af-heart-render-the-old-live-site-narrati.mp3,REJECTED-TERRIBLE-OLD-SITE-VOICE,"full-length Kokoro af_heart render, the old live-site narration",RENAMED
tts-bench/listening/now/fish__native.wav,fish__native__DEAD-SILENT__fish-s2-pro-48db-noise-floor-reproducible-defect-f50.wav,DEAD-SILENT,"Fish s2-pro, -48dB noise floor, reproducible defect (F50)",RENAMED
tts-bench/listening/now/fish__native_try2.wav,fish__native_try2__DEAD-SILENT__fish-s2-pro-retry-same-48db-defect-f50.wav,DEAD-SILENT,"Fish s2-pro retry, same -48dB defect (F50)",RENAMED
tts-bench/listening/now/norm_chatterbox__native.wav,norm_chatterbox__native__ACCEPTED__loudness-normalised-chatterbox-native.wav,ACCEPTED,loudness-normalised Chatterbox native,RENAMED
tts-bench/listening/now/norm_kokoro__af_heart.wav,norm_kokoro__af_heart__REJECTED-QUALITY__loudness-normalised-af-heart-same-rejection.wav,REJECTED-QUALITY,"loudness-normalised af_heart, same rejection",RENAMED
tts-bench/listening/now/fish__native_try3.wav,fish__native_try3__DEAD-SILENT__fish-s2-pro-third-try-same-48db-defect-f50.wav,DEAD-SILENT,"Fish s2-pro third try, same -48dB defect (F50)",RENAMED
tts-bench/listening/now/four-engines.mp3,four-engines__REFERENCE-INSTRUMENT__four-engine-comparison-reel.mp3,REFERENCE-INSTRUMENT,four-engine comparison reel,RENAMED
tts-bench/listening/now/norm_qwen__Ryan.wav,norm_qwen__Ryan__MALE-DISQUALIFIED__loudness-normalised-qwen-ryan-male-voice.wav,MALE-DISQUALIFIED,"loudness-normalised Qwen Ryan, male voice",RENAMED
tts-bench/listening/now/norm_f5__native.wav,norm_f5__native__ACCEPTED-LICENCE-BLOCKED__loudness-normalised-f5-native-voice.wav,ACCEPTED-LICENCE-BLOCKED,loudness-normalised F5 native voice,RENAMED
tts-bench/listening/now/_l3.mp3.wav,_l3.mp3__UNDOCUMENTED-ITERATION__cryptic-sequential-filename-no-doc-or-git-history-explains-t.wav,UNDOCUMENTED-ITERATION,"cryptic sequential filename, no doc or git history explains the source process",RENAMED
tts-bench/listening/now/_l4.mp3.wav,_l4.mp3__UNDOCUMENTED-ITERATION__cryptic-sequential-filename-no-doc-or-git-history-explains-t.wav,UNDOCUMENTED-ITERATION,"cryptic sequential filename, no doc or git history explains the source process",RENAMED
tts-bench/listening/now/_l2.mp3,_l2__UNDOCUMENTED-ITERATION__cryptic-sequential-filename-no-doc-or-git-history-explains-t.mp3,UNDOCUMENTED-ITERATION,"cryptic sequential filename, no doc or git history explains the source process",RENAMED
tts-bench/listening/now/_l1.mp3,_l1__UNDOCUMENTED-ITERATION__cryptic-sequential-filename-no-doc-or-git-history-explains-t.mp3,UNDOCUMENTED-ITERATION,"cryptic sequential filename, no doc or git history explains the source process",RENAMED
tts-bench/listening/now/_i.mp3.wav,_i.mp3__UNDOCUMENTED-ITERATION__cryptic-sequential-filename-no-doc-or-git-history-explains-t.wav,UNDOCUMENTED-ITERATION,"cryptic sequential filename, no doc or git history explains the source process",RENAMED
tts-bench/listening/now/_l0.mp3,_l0__UNDOCUMENTED-ITERATION__cryptic-sequential-filename-no-doc-or-git-history-explains-t.mp3,UNDOCUMENTED-ITERATION,"cryptic sequential filename, no doc or git history explains the source process",RENAMED
tts-bench/listening/now/_l3.mp3,_l3__UNDOCUMENTED-ITERATION__cryptic-sequential-filename-no-doc-or-git-history-explains-t.mp3,UNDOCUMENTED-ITERATION,"cryptic sequential filename, no doc or git history explains the source process",RENAMED
tts-bench/listening/now/_l2.mp3.wav,_l2.mp3__UNDOCUMENTED-ITERATION__cryptic-sequential-filename-no-doc-or-git-history-explains-t.wav,UNDOCUMENTED-ITERATION,"cryptic sequential filename, no doc or git history explains the source process",RENAMED
tts-bench/listening/now/_l1.mp3.wav,_l1.mp3__UNDOCUMENTED-ITERATION__cryptic-sequential-filename-no-doc-or-git-history-explains-t.wav,UNDOCUMENTED-ITERATION,"cryptic sequential filename, no doc or git history explains the source process",RENAMED
tts-bench/listening/now/_l4.mp3,_l4__UNDOCUMENTED-ITERATION__cryptic-sequential-filename-no-doc-or-git-history-explains-t.mp3,UNDOCUMENTED-ITERATION,"cryptic sequential filename, no doc or git history explains the source process",RENAMED
tts-bench/listening/now/_i.mp3,_i__UNDOCUMENTED-ITERATION__cryptic-sequential-filename-no-doc-or-git-history-explains-t.mp3,UNDOCUMENTED-ITERATION,"cryptic sequential filename, no doc or git history explains the source process",RENAMED
tts-bench/listening/now/_m2.mp3,_m2__UNDOCUMENTED-ITERATION__cryptic-sequential-filename-no-doc-or-git-history-explains-t.mp3,UNDOCUMENTED-ITERATION,"cryptic sequential filename, no doc or git history explains the source process",RENAMED
tts-bench/listening/now/_i2.mp3.wav,_i2.mp3__UNDOCUMENTED-ITERATION__cryptic-sequential-filename-no-doc-or-git-history-explains-t.wav,UNDOCUMENTED-ITERATION,"cryptic sequential filename, no doc or git history explains the source process",RENAMED
tts-bench/listening/now/_m0.mp3.wav,_m0.mp3__UNDOCUMENTED-ITERATION__cryptic-sequential-filename-no-doc-or-git-history-explains-t.wav,UNDOCUMENTED-ITERATION,"cryptic sequential filename, no doc or git history explains the source process",RENAMED
tts-bench/listening/now/_m1.mp3.wav,_m1.mp3__UNDOCUMENTED-ITERATION__cryptic-sequential-filename-no-doc-or-git-history-explains-t.wav,UNDOCUMENTED-ITERATION,"cryptic sequential filename, no doc or git history explains the source process",RENAMED
tts-bench/listening/now/_m2.mp3.wav,_m2.mp3__UNDOCUMENTED-ITERATION__cryptic-sequential-filename-no-doc-or-git-history-explains-t.wav,UNDOCUMENTED-ITERATION,"cryptic sequential filename, no doc or git history explains the source process",RENAMED
tts-bench/listening/now/_i2.mp3,_i2__UNDOCUMENTED-ITERATION__cryptic-sequential-filename-no-doc-or-git-history-explains-t.mp3,UNDOCUMENTED-ITERATION,"cryptic sequential filename, no doc or git history explains the source process",RENAMED
tts-bench/listening/now/_m0.mp3,_m0__UNDOCUMENTED-ITERATION__cryptic-sequential-filename-no-doc-or-git-history-explains-t.mp3,UNDOCUMENTED-ITERATION,"cryptic sequential filename, no doc or git history explains the source process",RENAMED
tts-bench/listening/now/_m1.mp3,_m1__UNDOCUMENTED-ITERATION__cryptic-sequential-filename-no-doc-or-git-history-explains-t.mp3,UNDOCUMENTED-ITERATION,"cryptic sequential filename, no doc or git history explains the source process",RENAMED
tts-bench/listening/now/_n1.mp3,_n1__UNDOCUMENTED-ITERATION__cryptic-sequential-filename-no-doc-or-git-history-explains-t.mp3,UNDOCUMENTED-ITERATION,"cryptic sequential filename, no doc or git history explains the source process",RENAMED
tts-bench/listening/now/_n0.mp3.wav,_n0.mp3__UNDOCUMENTED-ITERATION__cryptic-sequential-filename-no-doc-or-git-history-explains-t.wav,UNDOCUMENTED-ITERATION,"cryptic sequential filename, no doc or git history explains the source process",RENAMED
tts-bench/listening/now/_i4.mp3,_i4__UNDOCUMENTED-ITERATION__cryptic-sequential-filename-no-doc-or-git-history-explains-t.mp3,UNDOCUMENTED-ITERATION,"cryptic sequential filename, no doc or git history explains the source process",RENAMED
tts-bench/listening/now/_n3.mp3.wav,_n3.mp3__UNDOCUMENTED-ITERATION__cryptic-sequential-filename-no-doc-or-git-history-explains-t.wav,UNDOCUMENTED-ITERATION,"cryptic sequential filename, no doc or git history explains the source process",RENAMED
tts-bench/listening/now/_n2.mp3.wav,_n2.mp3__UNDOCUMENTED-ITERATION__cryptic-sequential-filename-no-doc-or-git-history-explains-t.wav,UNDOCUMENTED-ITERATION,"cryptic sequential filename, no doc or git history explains the source process",RENAMED
tts-bench/listening/now/_n0.mp3,_n0__UNDOCUMENTED-ITERATION__cryptic-sequential-filename-no-doc-or-git-history-explains-t.mp3,UNDOCUMENTED-ITERATION,"cryptic sequential filename, no doc or git history explains the source process",RENAMED
tts-bench/listening/now/_i4.mp3.wav,_i4.mp3__UNDOCUMENTED-ITERATION__cryptic-sequential-filename-no-doc-or-git-history-explains-t.wav,UNDOCUMENTED-ITERATION,"cryptic sequential filename, no doc or git history explains the source process",RENAMED
tts-bench/listening/now/_n3.mp3,_n3__UNDOCUMENTED-ITERATION__cryptic-sequential-filename-no-doc-or-git-history-explains-t.mp3,UNDOCUMENTED-ITERATION,"cryptic sequential filename, no doc or git history explains the source process",RENAMED
tts-bench/listening/now/_n2.mp3,_n2__UNDOCUMENTED-ITERATION__cryptic-sequential-filename-no-doc-or-git-history-explains-t.mp3,UNDOCUMENTED-ITERATION,"cryptic sequential filename, no doc or git history explains the source process",RENAMED
tts-bench/listening/now/_k1.mp3,_k1__UNDOCUMENTED-ITERATION__cryptic-sequential-filename-no-doc-or-git-history-explains-t.mp3,UNDOCUMENTED-ITERATION,"cryptic sequential filename, no doc or git history explains the source process",RENAMED
tts-bench/listening/now/_k0.mp3.wav,_k0.mp3__UNDOCUMENTED-ITERATION__cryptic-sequential-filename-no-doc-or-git-history-explains-t.wav,UNDOCUMENTED-ITERATION,"cryptic sequential filename, no doc or git history explains the source process",RENAMED
tts-bench/listening/now/_j.mp3,_j__UNDOCUMENTED-ITERATION__cryptic-sequential-filename-no-doc-or-git-history-explains-t.mp3,UNDOCUMENTED-ITERATION,"cryptic sequential filename, no doc or git history explains the source process",RENAMED
tts-bench/listening/now/_k3.mp3.wav,_k3.mp3__UNDOCUMENTED-ITERATION__cryptic-sequential-filename-no-doc-or-git-history-explains-t.wav,UNDOCUMENTED-ITERATION,"cryptic sequential filename, no doc or git history explains the source process",RENAMED
tts-bench/listening/now/_k2.mp3.wav,_k2.mp3__UNDOCUMENTED-ITERATION__cryptic-sequential-filename-no-doc-or-git-history-explains-t.wav,UNDOCUMENTED-ITERATION,"cryptic sequential filename, no doc or git history explains the source process",RENAMED
tts-bench/listening/now/_k1.mp3.wav,_k1.mp3__UNDOCUMENTED-ITERATION__cryptic-sequential-filename-no-doc-or-git-history-explains-t.wav,UNDOCUMENTED-ITERATION,"cryptic sequential filename, no doc or git history explains the source process",RENAMED
tts-bench/listening/now/_k0.mp3,_k0__UNDOCUMENTED-ITERATION__cryptic-sequential-filename-no-doc-or-git-history-explains-t.mp3,UNDOCUMENTED-ITERATION,"cryptic sequential filename, no doc or git history explains the source process",RENAMED
tts-bench/listening/now/_j.mp3.wav,_j.mp3__UNDOCUMENTED-ITERATION__cryptic-sequential-filename-no-doc-or-git-history-explains-t.wav,UNDOCUMENTED-ITERATION,"cryptic sequential filename, no doc or git history explains the source process",RENAMED
tts-bench/listening/now/_k3.mp3,_k3__UNDOCUMENTED-ITERATION__cryptic-sequential-filename-no-doc-or-git-history-explains-t.mp3,UNDOCUMENTED-ITERATION,"cryptic sequential filename, no doc or git history explains the source process",RENAMED
tts-bench/listening/now/_k2.mp3,_k2__UNDOCUMENTED-ITERATION__cryptic-sequential-filename-no-doc-or-git-history-explains-t.mp3,UNDOCUMENTED-ITERATION,"cryptic sequential filename, no doc or git history explains the source process",RENAMED
tts-bench/listening/now/_l0.mp3.wav,_l0.mp3__UNDOCUMENTED-ITERATION__cryptic-sequential-filename-no-doc-or-git-history-explains-t.wav,UNDOCUMENTED-ITERATION,"cryptic sequential filename, no doc or git history explains the source process",RENAMED
tts-bench/listening/now/_n1.mp3.wav,_n1.mp3__UNDOCUMENTED-ITERATION__cryptic-sequential-filename-no-doc-or-git-history-explains-t.wav,UNDOCUMENTED-ITERATION,"cryptic sequential filename, no doc or git history explains the source process",RENAMED
tts-bench/results/kokoro/audio/01-first-person-argument__bf_emma__s1.mp3,01-first-person-argument__bf_emma__s1__REJECTED-QUALITY__kokoro-bf-emma-stage-1-corpus-render-engine-later-rejected-b.mp3,REJECTED-QUALITY,"Kokoro bf_emma, Stage-1 corpus render, engine later rejected by ear on all voices",RENAMED
tts-bench/results/kokoro/audio/02-technical-acronym-density__bf_emma__s1.mp3,02-technical-acronym-density__bf_emma__s1__REJECTED-QUALITY__kokoro-bf-emma-stage-1-corpus-render-engine-later-rejected-b.mp3,REJECTED-QUALITY,"Kokoro bf_emma, Stage-1 corpus render, engine later rejected by ear on all voices",RENAMED
tts-bench/results/kokoro/audio/03-numbers-and-percentages__bf_emma__s1.mp3,03-numbers-and-percentages__bf_emma__s1__REJECTED-QUALITY__kokoro-bf-emma-stage-1-corpus-render-engine-later-rejected-b.mp3,REJECTED-QUALITY,"Kokoro bf_emma, Stage-1 corpus render, engine later rejected by ear on all voices",RENAMED
tts-bench/results/kokoro/audio/04-quotation__bf_emma__s1.mp3,04-quotation__bf_emma__s1__REJECTED-QUALITY__kokoro-bf-emma-stage-1-corpus-render-engine-later-rejected-b.mp3,REJECTED-QUALITY,"Kokoro bf_emma, Stage-1 corpus render, engine later rejected by ear on all voices",RENAMED
tts-bench/results/kokoro/audio/05-short-emphatic__bf_emma__s1.mp3,05-short-emphatic__bf_emma__s1__REJECTED-QUALITY__kokoro-bf-emma-stage-1-corpus-render-engine-later-rejected-b.mp3,REJECTED-QUALITY,"Kokoro bf_emma, Stage-1 corpus render, engine later rejected by ear on all voices",RENAMED
tts-bench/results/kokoro/audio/06-long-multiclause__bf_emma__s1.mp3,06-long-multiclause__bf_emma__s1__REJECTED-QUALITY__kokoro-bf-emma-stage-1-corpus-render-engine-later-rejected-b.mp3,REJECTED-QUALITY,"Kokoro bf_emma, Stage-1 corpus render, engine later rejected by ear on all voices",RENAMED
tts-bench/results/kokoro/audio/07-list-as-prose__bf_emma__s1.mp3,07-list-as-prose__bf_emma__s1__REJECTED-QUALITY__kokoro-bf-emma-stage-1-corpus-render-engine-later-rejected-b.mp3,REJECTED-QUALITY,"Kokoro bf_emma, Stage-1 corpus render, engine later rejected by ear on all voices",RENAMED
tts-bench/results/kokoro/audio/08-unusual-names__bf_emma__s1.mp3,08-unusual-names__bf_emma__s1__REJECTED-QUALITY__kokoro-bf-emma-stage-1-corpus-render-engine-later-rejected-b.mp3,REJECTED-QUALITY,"Kokoro bf_emma, Stage-1 corpus render, engine later rejected by ear on all voices",RENAMED
tts-bench/results/kokoro/audio/09-inline-emphasis__bf_emma__s1.mp3,09-inline-emphasis__bf_emma__s1__REJECTED-QUALITY__kokoro-bf-emma-stage-1-corpus-render-engine-later-rejected-b.mp3,REJECTED-QUALITY,"Kokoro bf_emma, Stage-1 corpus render, engine later rejected by ear on all voices",RENAMED
tts-bench/results/kokoro/audio/10-full-article-6343__bf_emma__s1.mp3,10-full-article-6343__bf_emma__s1__REJECTED-QUALITY__kokoro-bf-emma-stage-1-corpus-render-engine-later-rejected-b.mp3,REJECTED-QUALITY,"Kokoro bf_emma, Stage-1 corpus render, engine later rejected by ear on all voices",RENAMED
tts-bench/results/fish-s2-pro/audio/01-first-person-argument__default__s1.wav,01-first-person-argument__default__s1__NOT-JUDGED__stage-1-corpus-render-well-formed-but-throughput-disqualifie.wav,NOT-JUDGED,"Stage-1 corpus render, well-formed, but throughput-disqualified (0.044x RTF) before quality was scored",RENAMED
tts-bench/results/f5-tts/audio/01-first-person-argument__f5-stock__s1.wav,01-first-person-argument__f5-stock__s1__LICENCE-BLOCKED__stage-1-corpus-render-cc-by-nc-4-0-licence-cannot-be-the-pro.wav,LICENCE-BLOCKED,"Stage-1 corpus render, cc-by-nc-4.0 licence, cannot be the production pick regardless of quality",RENAMED
tts-bench/results/qwen3-tts/audio/01-first-person-argument__Ryan__s1.wav,01-first-person-argument__Ryan__s1__MALE-DISQUALIFIED__qwen3-tts-ryan-male-voice-fails-the-female-only-constraint.wav,MALE-DISQUALIFIED,"Qwen3-TTS Ryan, male voice, fails the female-only constraint",RENAMED
tts-bench/results/qwen3-tts/audio/01-first-person-argument__Aiden__s1.wav,01-first-person-argument__Aiden__s1__MALE-DISQUALIFIED__qwen3-tts-aiden-male-voice-fails-the-female-only-constraint.wav,MALE-DISQUALIFIED,"Qwen3-TTS Aiden, male voice, fails the female-only constraint",RENAMED
tts-bench/results/fish-s2-pro/audio/02-technical-acronym-density__default__s1.wav,02-technical-acronym-density__default__s1__NOT-JUDGED__stage-1-corpus-render-well-formed-but-throughput-disqualifie.wav,NOT-JUDGED,"Stage-1 corpus render, well-formed, but throughput-disqualified (0.044x RTF) before quality was scored",RENAMED
tts-bench/results/f5-tts/audio/02-technical-acronym-density__f5-stock__s1.wav,02-technical-acronym-density__f5-stock__s1__LICENCE-BLOCKED__stage-1-corpus-render-cc-by-nc-4-0-licence-cannot-be-the-pro.wav,LICENCE-BLOCKED,"Stage-1 corpus render, cc-by-nc-4.0 licence, cannot be the production pick regardless of quality",RENAMED
tts-bench/results/qwen3-tts/audio/02-technical-acronym-density__Ryan__s1.wav,02-technical-acronym-density__Ryan__s1__MALE-DISQUALIFIED__qwen3-tts-ryan-male-voice-fails-the-female-only-constraint.wav,MALE-DISQUALIFIED,"Qwen3-TTS Ryan, male voice, fails the female-only constraint",RENAMED
tts-bench/results/qwen3-tts/audio/02-technical-acronym-density__Aiden__s1.wav,02-technical-acronym-density__Aiden__s1__MALE-DISQUALIFIED__qwen3-tts-aiden-male-voice-fails-the-female-only-constraint.wav,MALE-DISQUALIFIED,"Qwen3-TTS Aiden, male voice, fails the female-only constraint",RENAMED
tts-bench/results/fish-s2-pro/audio/03-numbers-and-percentages__default__s1.wav,03-numbers-and-percentages__default__s1__NOT-JUDGED__stage-1-corpus-render-well-formed-but-throughput-disqualifie.wav,NOT-JUDGED,"Stage-1 corpus render, well-formed, but throughput-disqualified (0.044x RTF) before quality was scored",RENAMED
tts-bench/results/f5-tts/audio/03-numbers-and-percentages__f5-stock__s1.wav,03-numbers-and-percentages__f5-stock__s1__LICENCE-BLOCKED__stage-1-corpus-render-cc-by-nc-4-0-licence-cannot-be-the-pro.wav,LICENCE-BLOCKED,"Stage-1 corpus render, cc-by-nc-4.0 licence, cannot be the production pick regardless of quality",RENAMED
tts-bench/results/qwen3-tts/audio/03-numbers-and-percentages__Ryan__s1.wav,03-numbers-and-percentages__Ryan__s1__MALE-DISQUALIFIED__qwen3-tts-ryan-male-voice-fails-the-female-only-constraint.wav,MALE-DISQUALIFIED,"Qwen3-TTS Ryan, male voice, fails the female-only constraint",RENAMED
tts-bench/results/qwen3-tts/audio/03-numbers-and-percentages__Aiden__s1.wav,03-numbers-and-percentages__Aiden__s1__MALE-DISQUALIFIED__qwen3-tts-aiden-male-voice-fails-the-female-only-constraint.wav,MALE-DISQUALIFIED,"Qwen3-TTS Aiden, male voice, fails the female-only constraint",RENAMED
tts-bench/results/fish-s2-pro/audio/04-quotation__default__s1.wav,04-quotation__default__s1__NOT-JUDGED__stage-1-corpus-render-well-formed-but-throughput-disqualifie.wav,NOT-JUDGED,"Stage-1 corpus render, well-formed, but throughput-disqualified (0.044x RTF) before quality was scored",RENAMED
tts-bench/results/f5-tts/audio/04-quotation__f5-stock__s1.wav,04-quotation__f5-stock__s1__LICENCE-BLOCKED__stage-1-corpus-render-cc-by-nc-4-0-licence-cannot-be-the-pro.wav,LICENCE-BLOCKED,"Stage-1 corpus render, cc-by-nc-4.0 licence, cannot be the production pick regardless of quality",RENAMED
tts-bench/results/qwen3-tts/audio/04-quotation__Ryan__s1.wav,04-quotation__Ryan__s1__MALE-DISQUALIFIED__qwen3-tts-ryan-male-voice-fails-the-female-only-constraint.wav,MALE-DISQUALIFIED,"Qwen3-TTS Ryan, male voice, fails the female-only constraint",RENAMED
tts-bench/results/qwen3-tts/audio/04-quotation__Aiden__s1.wav,04-quotation__Aiden__s1__MALE-DISQUALIFIED__qwen3-tts-aiden-male-voice-fails-the-female-only-constraint.wav,MALE-DISQUALIFIED,"Qwen3-TTS Aiden, male voice, fails the female-only constraint",RENAMED
tts-bench/results/fish-s2-pro/audio/05-short-emphatic__default__s1.wav,05-short-emphatic__default__s1__NOT-JUDGED__stage-1-corpus-render-well-formed-but-throughput-disqualifie.wav,NOT-JUDGED,"Stage-1 corpus render, well-formed, but throughput-disqualified (0.044x RTF) before quality was scored",RENAMED
tts-bench/results/f5-tts/audio/05-short-emphatic__f5-stock__s1.wav,05-short-emphatic__f5-stock__s1__LICENCE-BLOCKED__stage-1-corpus-render-cc-by-nc-4-0-licence-cannot-be-the-pro.wav,LICENCE-BLOCKED,"Stage-1 corpus render, cc-by-nc-4.0 licence, cannot be the production pick regardless of quality",RENAMED
tts-bench/results/qwen3-tts/audio/05-short-emphatic__Ryan__s1.wav,05-short-emphatic__Ryan__s1__MALE-DISQUALIFIED__qwen3-tts-ryan-male-voice-fails-the-female-only-constraint.wav,MALE-DISQUALIFIED,"Qwen3-TTS Ryan, male voice, fails the female-only constraint",RENAMED
tts-bench/results/qwen3-tts/audio/05-short-emphatic__Aiden__s1.wav,05-short-emphatic__Aiden__s1__MALE-DISQUALIFIED__qwen3-tts-aiden-male-voice-fails-the-female-only-constraint.wav,MALE-DISQUALIFIED,"Qwen3-TTS Aiden, male voice, fails the female-only constraint",RENAMED
tts-bench/results/fish-s2-pro/audio/06-long-multiclause__default__s1.wav,06-long-multiclause__default__s1__NOT-JUDGED__stage-1-corpus-render-well-formed-but-throughput-disqualifie.wav,NOT-JUDGED,"Stage-1 corpus render, well-formed, but throughput-disqualified (0.044x RTF) before quality was scored",RENAMED
tts-bench/results/f5-tts/audio/06-long-multiclause__f5-stock__s1.wav,06-long-multiclause__f5-stock__s1__LICENCE-BLOCKED__stage-1-corpus-render-cc-by-nc-4-0-licence-cannot-be-the-pro.wav,LICENCE-BLOCKED,"Stage-1 corpus render, cc-by-nc-4.0 licence, cannot be the production pick regardless of quality",RENAMED
tts-bench/results/qwen3-tts/audio/06-long-multiclause__Ryan__s1.wav,06-long-multiclause__Ryan__s1__MALE-DISQUALIFIED__qwen3-tts-ryan-male-voice-fails-the-female-only-constraint.wav,MALE-DISQUALIFIED,"Qwen3-TTS Ryan, male voice, fails the female-only constraint",RENAMED
tts-bench/results/qwen3-tts/audio/06-long-multiclause__Aiden__s1.wav,06-long-multiclause__Aiden__s1__MALE-DISQUALIFIED__qwen3-tts-aiden-male-voice-fails-the-female-only-constraint.wav,MALE-DISQUALIFIED,"Qwen3-TTS Aiden, male voice, fails the female-only constraint",RENAMED
tts-bench/results/fish-s2-pro/audio/07-list-as-prose__default__s1.wav,07-list-as-prose__default__s1__NOT-JUDGED__stage-1-corpus-render-well-formed-but-throughput-disqualifie.wav,NOT-JUDGED,"Stage-1 corpus render, well-formed, but throughput-disqualified (0.044x RTF) before quality was scored",RENAMED
tts-bench/results/f5-tts/audio/07-list-as-prose__f5-stock__s1.wav,07-list-as-prose__f5-stock__s1__LICENCE-BLOCKED__stage-1-corpus-render-cc-by-nc-4-0-licence-cannot-be-the-pro.wav,LICENCE-BLOCKED,"Stage-1 corpus render, cc-by-nc-4.0 licence, cannot be the production pick regardless of quality",RENAMED
tts-bench/results/qwen3-tts/audio/07-list-as-prose__Ryan__s1.wav,07-list-as-prose__Ryan__s1__MALE-DISQUALIFIED__qwen3-tts-ryan-male-voice-fails-the-female-only-constraint.wav,MALE-DISQUALIFIED,"Qwen3-TTS Ryan, male voice, fails the female-only constraint",RENAMED
tts-bench/results/qwen3-tts/audio/07-list-as-prose__Aiden__s1.wav,07-list-as-prose__Aiden__s1__MALE-DISQUALIFIED__qwen3-tts-aiden-male-voice-fails-the-female-only-constraint.wav,MALE-DISQUALIFIED,"Qwen3-TTS Aiden, male voice, fails the female-only constraint",RENAMED
tts-bench/results/fish-s2-pro/audio/08-unusual-names__default__s1.wav,08-unusual-names__default__s1__NOT-JUDGED__stage-1-corpus-render-well-formed-but-throughput-disqualifie.wav,NOT-JUDGED,"Stage-1 corpus render, well-formed, but throughput-disqualified (0.044x RTF) before quality was scored",RENAMED
tts-bench/results/f5-tts/audio/08-unusual-names__f5-stock__s1.wav,08-unusual-names__f5-stock__s1__LICENCE-BLOCKED__stage-1-corpus-render-cc-by-nc-4-0-licence-cannot-be-the-pro.wav,LICENCE-BLOCKED,"Stage-1 corpus render, cc-by-nc-4.0 licence, cannot be the production pick regardless of quality",RENAMED
tts-bench/results/qwen3-tts/audio/08-unusual-names__Ryan__s1.wav,08-unusual-names__Ryan__s1__MALE-DISQUALIFIED__qwen3-tts-ryan-male-voice-fails-the-female-only-constraint.wav,MALE-DISQUALIFIED,"Qwen3-TTS Ryan, male voice, fails the female-only constraint",RENAMED
tts-bench/results/qwen3-tts/audio/08-unusual-names__Aiden__s1.wav,08-unusual-names__Aiden__s1__MALE-DISQUALIFIED__qwen3-tts-aiden-male-voice-fails-the-female-only-constraint.wav,MALE-DISQUALIFIED,"Qwen3-TTS Aiden, male voice, fails the female-only constraint",RENAMED
tts-bench/results/fish-s2-pro/audio/09-inline-emphasis__default__s1.wav,09-inline-emphasis__default__s1__NOT-JUDGED__stage-1-corpus-render-well-formed-but-throughput-disqualifie.wav,NOT-JUDGED,"Stage-1 corpus render, well-formed, but throughput-disqualified (0.044x RTF) before quality was scored",RENAMED
tts-bench/results/f5-tts/audio/09-inline-emphasis__f5-stock__s1.wav,09-inline-emphasis__f5-stock__s1__LICENCE-BLOCKED__stage-1-corpus-render-cc-by-nc-4-0-licence-cannot-be-the-pro.wav,LICENCE-BLOCKED,"Stage-1 corpus render, cc-by-nc-4.0 licence, cannot be the production pick regardless of quality",RENAMED
tts-bench/results/qwen3-tts/audio/09-inline-emphasis__Ryan__s1.wav,09-inline-emphasis__Ryan__s1__MALE-DISQUALIFIED__qwen3-tts-ryan-male-voice-fails-the-female-only-constraint.wav,MALE-DISQUALIFIED,"Qwen3-TTS Ryan, male voice, fails the female-only constraint",RENAMED
tts-bench/results/qwen3-tts/audio/09-inline-emphasis__Aiden__s1.wav,09-inline-emphasis__Aiden__s1__MALE-DISQUALIFIED__qwen3-tts-aiden-male-voice-fails-the-female-only-constraint.wav,MALE-DISQUALIFIED,"Qwen3-TTS Aiden, male voice, fails the female-only constraint",RENAMED
tts-bench/results/fish-s2-pro/audio/miopen-ab__tuned__r1.wav,miopen-ab__tuned__r1__NULL-RESULT__miopen-vocoder-tuning-a-b-arm-measured-no-gain-over-baseline.wav,NULL-RESULT,"MIOpen vocoder tuning A/B arm - measured no gain over baseline, inside noise band",RENAMED
tts-bench/results/fish-s2-pro/audio/miopen-ab__tuned__r2.wav,miopen-ab__tuned__r2__NULL-RESULT__miopen-vocoder-tuning-a-b-arm-measured-no-gain-over-baseline.wav,NULL-RESULT,"MIOpen vocoder tuning A/B arm - measured no gain over baseline, inside noise band",RENAMED
tts-bench/results/fish-s2-pro/audio/miopen-ab__tuned__r3.wav,miopen-ab__tuned__r3__NULL-RESULT__miopen-vocoder-tuning-a-b-arm-measured-no-gain-over-baseline.wav,NULL-RESULT,"MIOpen vocoder tuning A/B arm - measured no gain over baseline, inside noise band",RENAMED
